Operator,Bug ID,Bug Link,Bug Title,Root Cause Location,Interaction,Pattern,Operation Semantics
CassOp,CassOp-298,https://github.com/k8ssandra/cass-operator/issues/298,K8SSAND-1327 ⁃ `EndpointState` has incorrect json key,Interaction,Application,Version incompatibility,
CassOp,CassOp-315,https://github.com/k8ssandra/cass-operator/issues/315,K8SSAND-1423 ⁃ cass-operator becomes partially inoperable if replaceNodes has a wrong pod name,Misuse,,,
CassOp,CassOp-330,https://github.com/k8ssandra/cass-operator/issues/330,K8SSAND-1503 ⁃ Unable to remove the additional labels on the seed service through CR,Interaction,User,,
CassOp,CassOp-335,https://github.com/k8ssandra/cass-operator/issues/335,K8SSAND-1523 ⁃ Label values are not validated when created,Misuse,,,
CassOp,CassOp-342,https://github.com/k8ssandra/cass-operator/issues/304,K8SSAND-1349 ⁃ Hostname lookups on Cassandra pods fail,Internal,,,
CassOp,CassOp-437,https://github.com/k8ssandra/cass-operator/issues/437,K8SSAND-1863 ⁃ startOneNodeRack does not handle decommissioned StatefulSets,Internal,,,
CassOp,CassOp-481,https://github.com/k8ssandra/cass-operator/issues/481,Enabling CDC messes up mgmt-api configuration,Interaction,User,,
CassOp,CassOp-488,https://github.com/k8ssandra/cass-operator/issues/488,Expose the new metrics port in services,Interaction,Co-operator,,
CassOp,CassOp-523,https://github.com/k8ssandra/cass-operator/issues/523,CassandraDatacenter spec.podTemplateSpec.spec.serviceAccountName is not passed to StatefulSet,Interaction,User,,
CassOp,CassOp-554,https://github.com/k8ssandra/cass-operator/issues/554,server-system-logger does not work with different securityContexts,Internal,,,
CassOp,CassOp-575,https://github.com/k8ssandra/cass-operator/issues/575,Setting custom labels via PodTemplate.metadata.labels doesn't work,Interaction,User,,
CassOp,CassOp-607,https://github.com/k8ssandra/cass-operator/issues/607,SuperuserSecret is missing labels and annotations,Interaction,User,,
CassOp,CassOp-626,https://github.com/k8ssandra/cass-operator/issues/626,Multiple Datacenters compete over seed service ownership,Internal,,,
CassOp,CassOp-639,https://github.com/k8ssandra/cass-operator/issues/639,Operator doesn't revalidate cluster state if node decommission failed due to disk size check,Interaction,Application,Mishandling application errors,
CassOp,CassOp-652,https://github.com/k8ssandra/cass-operator/issues/652,Update nodeStatuses info when a pod is recreated,Internal,,,
CassOp,CassOp-656,https://github.com/k8ssandra/cass-operator/issues/656,"After canary upgrade, the datacenter will refuse to update StatefulSets",Internal,,,
CassOp,CassOp-665,https://github.com/k8ssandra/cass-operator/issues/665,RequiresUpdate condition is not set when expected,Internal,,,
CN/PostgresOp,CN/PostgresOp-1078,https://github.com/cloudnative-pg/cloudnative-pg/issues/1078,Problem running pgbench from CNPG plugin (namespace parameter placement in the command),Internal,,,
CN/PostgresOp,CN/PostgresOp-1128,https://github.com/cloudnative-pg/cloudnative-pg/issues/1128,WAL pvc is not terminated when pod is no longer exist due to scale-in process,Internal,,,
CN/PostgresOp,CN/PostgresOp-119,https://github.com/cloudnative-pg/cloudnative-pg/issues/119,Support updates of inherited labels and annotations on PVCs,Interaction,User,,
CN/PostgresOp,CN/PostgresOp-1210,https://github.com/cloudnative-pg/cloudnative-pg/issues/1210,Instance not using WAL volume,Interaction,Application,Semantic violations,Configuration
CN/PostgresOp,CN/PostgresOp-1311,https://github.com/cloudnative-pg/cloudnative-pg/issues/1311,MoveDirectoryContent should be recursive to work with sub-directories,Internal,,,
CN/PostgresOp,CN/PostgresOp-1354,https://github.com/cloudnative-pg/cloudnative-pg/issues/1354,Restore from backup fail with wrong permissions,Interaction,Application,Semantic violations,Environment
CN/PostgresOp,CN/PostgresOp-1794,https://github.com/cloudnative-pg/cloudnative-pg/issues/1794,The `pg_replication_slots` metric fails on a replica,Interaction,Application,State observability,
CN/PostgresOp,CN/PostgresOp-1932,https://github.com/cloudnative-pg/cloudnative-pg/issues/1932,kubectl-cnpg completion bash fails when there is no APIserver,Internal,,,
CN/PostgresOp,CN/PostgresOp-2144,https://github.com/cloudnative-pg/cloudnative-pg/issues/2144,CNPG should not trigger a failover if all the instances are unreachable,Interaction,Application,Semantic violations,Precondition
CN/PostgresOp,CN/PostgresOp-2241,https://github.com/cloudnative-pg/cloudnative-pg/issues/2241,Instance metadata should always be reconciled,Internal,,,
CN/PostgresOp,CN/PostgresOp-2377,https://github.com/cloudnative-pg/cloudnative-pg/issues/2377,Error collecting user query,Misuse,,,
CN/PostgresOp,CN/PostgresOp-2389,https://github.com/cloudnative-pg/cloudnative-pg/issues/2389,Segfault while reloading configuration,Internal,,,
CN/PostgresOp,CN/PostgresOp-2425,https://github.com/cloudnative-pg/cloudnative-pg/issues/2425,Controller doesn't restore app secret when recovering from backup by name,Internal,,,
CN/PostgresOp,CN/PostgresOp-2489,https://github.com/cloudnative-pg/cloudnative-pg/issues/2489,AppArmor annotations are not added correctly,Misuse,,,
CN/PostgresOp,CN/PostgresOp-2853,https://github.com/cloudnative-pg/cloudnative-pg/issues/2853,Volume snapshot reconciler should fence instances only if there are no snapshots,Interaction,Application,State observability,
CN/PostgresOp,CN/PostgresOp-2917,https://github.com/cloudnative-pg/cloudnative-pg/issues/2917,Reconcile service selectors,Interaction,User,,
CN/PostgresOp,CN/PostgresOp-2974,https://github.com/cloudnative-pg/cloudnative-pg/issues/2974,Panic while reconciling services,Internal,,,
CN/PostgresOp,CN/PostgresOp-3147,https://github.com/cloudnative-pg/cloudnative-pg/issues/3147,[Bug]: cluster might break due to `recovery_target_timeline = latest`,Interaction,Application,Semantic violations,Ordering
CN/PostgresOp,CN/PostgresOp-3269,https://github.com/cloudnative-pg/cloudnative-pg/issues/3269,[Bug]: New server cert is not generated when serverAltDNSNames is updated,Interaction,User,,
CN/PostgresOp,CN/PostgresOp-339,https://github.com/cloudnative-pg/cloudnative-pg/issues/339,consider only healthy pods as electable for synchronous replica,Interaction,Application,Semantic violations,Precondition
CN/PostgresOp,CN/PostgresOp-3502,https://github.com/cloudnative-pg/cloudnative-pg/issues/3502,[Bug]: Poolers instances cannot be scaled to 0,Interaction,User,,
CN/PostgresOp,CN/PostgresOp-3588,https://github.com/cloudnative-pg/cloudnative-pg/issues/3588,[Bug]: Cluster unrecoverable because of incorrect primary_slot_name,Interaction,Application,Semantic violations,Configuration
CN/PostgresOp,CN/PostgresOp-3965,https://github.com/cloudnative-pg/cloudnative-pg/issues/3965,[Bug]: the process of hibernation is stuck in the unhealthy phase,Internal,,,
CN/PostgresOp,CN/PostgresOp-4286,https://github.com/cloudnative-pg/cloudnative-pg/issues/4286,[Bug]: Bug while creating a PodMonitor,Internal,,,
CN/PostgresOp,CN/PostgresOp-45,https://github.com/cloudnative-pg/cloudnative-pg/issues/45,Zombie syslogger processes when the postmaster is restarted,Internal,,,
CN/PostgresOp,CN/PostgresOp-4521,https://github.com/cloudnative-pg/cloudnative-pg/issues/4521,[Feature]: Graceful handling of WAL disk space exhaustion,Interaction,Application,Semantic violations,Precondition
CN/PostgresOp,CN/PostgresOp-4623,https://github.com/cloudnative-pg/cloudnative-pg/issues/4623,"[Bug]: instance manager is continuously spinning, using 100% of the CPU when fencing is on",Internal,,,
CN/PostgresOp,CN/PostgresOp-4626,https://github.com/cloudnative-pg/cloudnative-pg/issues/4626,"[Bug]: each times PostgreSQL starts, we SIGHUP it two times to change the pg_ident file",Interaction,Application,State observability,
CN/PostgresOp,CN/PostgresOp-4964,https://github.com/cloudnative-pg/cloudnative-pg/issues/4964,[Bug]: creating a pooler with the same name as the cluster internal service breaks the cluster,Interaction,Platform,,
CN/PostgresOp,CN/PostgresOp-625,https://github.com/cloudnative-pg/cloudnative-pg/issues/625,"FATAL:  data directory ""/var/lib/postgresql/data/pgdata"" has invalid permissions' when bootstrapping cluster from backup",Interaction,Application,Semantic violations,Environment
CN/PostgresOp,CN/PostgresOp-640,https://github.com/cloudnative-pg/cloudnative-pg/issues/640,Bug in GetAllAccessibleDatabases where a failed query would trigger a panic,Interaction,Application,Mishandling application errors,
CN/PostgresOp,CN/PostgresOp-739,https://github.com/cloudnative-pg/cloudnative-pg/issues/739,ensure that ConvertToPostgresFormat function parses RFC3339Micro timestamps,Internal,,,
CN/PostgresOp,CN/PostgresOp-869,https://github.com/cloudnative-pg/cloudnative-pg/issues/869,"Cannot import database: language \""plpgsql\"" does not exist",Interaction,Application,Semantic violations,Environment
CN/PostgresOp,CN/PostgresOp-896,https://github.com/cloudnative-pg/cloudnative-pg/issues/896,Single node PG 15 cluster stuck in Taking first backup,Interaction,Application,Version incompatibility,
CN/PostgresOp,CN/PostgresOp-915,https://github.com/cloudnative-pg/cloudnative-pg/issues/915,Integrate storage documentation with reasons behind not using Statefulsets,HelmChart,,,
CN/PostgresOp,CN/PostgresOp-934,https://github.com/cloudnative-pg/cloudnative-pg/issues/934,improve how we determine if an instance is stopped during hibernate on,Interaction,Application,State observability,
CN/PostgresOp,CN/PostgresOp-946,https://github.com/cloudnative-pg/cloudnative-pg/issues/946,Seccomp detection is failing on EKS 1.21,Internal,,,
CockroachOp,CockroachOp-137,https://github.com/cockroachdb/cockroach-operator/issues/137,PDB Issue: minAvailable is incorrect,Interaction,User,,
CockroachOp,CockroachOp-417,https://github.com/cockroachdb/cockroach-operator/issues/417,need to set cache values discretely not relatively,Interaction,Application,Semantic violations,Configuration
CockroachOp,CockroachOp-470,https://github.com/cockroachdb/cockroach-operator/issues/470,Statefulsets should use `Parallel` pod management,Interaction,Application,Semantic violations,Ordering
CockroachOp,CockroachOp-473,https://github.com/cockroachdb/cockroach-operator/issues/473,Major upgrades after scaling fail.,Interaction,Application,Semantic violations,Ordering
CockroachOp,CockroachOp-504,https://github.com/cockroachdb/cockroach-operator/issues/504,Issue scaling down cluster from 6 to 3 nodes - OpenShift w/ Operator,Internal,,,
CockroachOp,CockroachOp-640,https://github.com/cockroachdb/cockroach-operator/issues/640,Creating in instance of a cluster with TLS disabled fails to start,Interaction,Application,Semantic violations,Environment
CockroachOp,CockroachOp-725,https://github.com/cockroachdb/cockroach-operator/issues/725,Webhook namespace is hard-coded,Internal,,,
CockroachOp,CockroachOp-779,https://github.com/cockroachdb/cockroach-operator/issues/779,Operator v21.1 pod crashing on startup on OpenShift,Interaction,Platform,,
CockroachOp,CockroachOp-780,https://github.com/cockroachdb/cockroach-operator/issues/780,RBAC permissions issue in OpenShift,Interaction,Platform,,
CockroachOp,CockroachOp-784,https://github.com/cockroachdb/cockroach-operator/issues/784,Problems Installing & Using on OpenShift and Kubernetes,Interaction,Platform,,
CockroachOp,CockroachOp-863,https://github.com/cockroachdb/cockroach-operator/issues/863,Manager options missing LeaderElectionID,Interaction,Platform,,
CockroachOp,CockroachOp-890,https://github.com/cockroachdb/cockroach-operator/issues/890,resize PVC is broken,Interaction,Platform,,
CockroachOp,CockroachOp-906,https://github.com/cockroachdb/cockroach-operator/issues/906,Operator specifies incorrect service DNS when running in a separate namespace,Interaction,Platform,,
CockroachOp,CockroachOp-91,https://github.com/cockroachdb/cockroach-operator/issues/91,Operator isn't listening for changes in the dataStore custom resource (e.g. storage: 50Gi->60Gi),Interaction,User,,
KafkaOp,KafkaOp-1026,https://github.com/strimzi/strimzi-kafka-operator/issues/1026,The CO misses a EO rolling update on certificates renewal,Internal,,,
KafkaOp,KafkaOp-1027,https://github.com/strimzi/strimzi-kafka-operator/issues/1027,NPE raised by deprecated TO rolling update on certificates renewal,Internal,,,
KafkaOp,KafkaOp-1094,https://github.com/strimzi/strimzi-kafka-operator/issues/1094,Add rolling update on clients CA certificate renewal,Internal,,,
KafkaOp,KafkaOp-1442,https://github.com/strimzi/strimzi-kafka-operator/issues/1442,An error during deploying Kafka cluster in another namespace than CO,Interaction,Platform,,
KafkaOp,KafkaOp-1777,https://github.com/strimzi/strimzi-kafka-operator/issues/1777,[Bug] Cannot update Kafka resource to remove TO,Internal,,,
KafkaOp,KafkaOp-1804,https://github.com/strimzi/strimzi-kafka-operator/issues/1804,Incorrect default directory for Kafka Connect binary build,Internal,,,
KafkaOp,KafkaOp-1830,https://github.com/strimzi/strimzi-kafka-operator/issues/1830,Readiness probe on Kafka Bridge fails,Interaction,Application,Version incompatibility,
KafkaOp,KafkaOp-1958,https://github.com/strimzi/strimzi-kafka-operator/issues/1958,[Bug] Kafka keeps rolling after some changes,Interaction,Platform,,
KafkaOp,KafkaOp-2278,https://github.com/strimzi/strimzi-kafka-operator/issues/2278,[Bug] Install through helm chart fails,HelmChart,,,
KafkaOp,KafkaOp-2354,https://github.com/strimzi/strimzi-kafka-operator/issues/2354,[Bug] Kafka Connector status doesn't change values correctly,Interaction,Application,State observability,
KafkaOp,KafkaOp-2494,https://github.com/strimzi/strimzi-kafka-operator/issues/2494,[Bug] Fail pod when change numbers of podes,Interaction,Application,Semantic violations,Ordering
KafkaOp,KafkaOp-2618,https://github.com/strimzi/strimzi-kafka-operator/issues/2618,"[Bug] javaSystemProperties only supported in Kafka (but not in KafkaConnect, etc..)",Interaction,User,,
KafkaOp,KafkaOp-2656,https://github.com/strimzi/strimzi-kafka-operator/issues/2656,[Bug] Cluster DNS not correctly set in Kafka advertised addresses,Misuse,,,
KafkaOp,KafkaOp-2877,https://github.com/strimzi/strimzi-kafka-operator/issues/2877,[Bug] False diff when reconciling PVC size,Interaction,Platform,,
KafkaOp,KafkaOp-292,https://github.com/strimzi/strimzi-kafka-operator/issues/292,When required configuration is missing the Cluster Controller keeps hanging,Misuse,,,
KafkaOp,KafkaOp-2964,https://github.com/strimzi/strimzi-kafka-operator/issues/2964,KafkaRoller blocks rolling update when topic with RF=1 and MIN-ISR=2 exists,Misuse,,,
KafkaOp,KafkaOp-2981,https://github.com/strimzi/strimzi-kafka-operator/issues/2981,[Bug] KafkaConnector resources restarting every 2 minutes,Interaction,Application,State observability,
KafkaOp,KafkaOp-3316,https://github.com/strimzi/strimzi-kafka-operator/issues/3316,[Bug] Cruise Control errors when less than two Kafka brokers,Misuse,,,
KafkaOp,KafkaOp-339,https://github.com/strimzi/strimzi-kafka-operator/issues/339,Session expired on Zookeeper node restart : not able to create topics,Internal,,,
KafkaOp,KafkaOp-3570,https://github.com/strimzi/strimzi-kafka-operator/issues/3570,Report tool staleness,Internal,,,
KafkaOp,KafkaOp-3710,https://github.com/strimzi/strimzi-kafka-operator/issues/3710,[Bug] Rolling update never finishes when the pods are not ready,Interaction,Platform,,
KafkaOp,KafkaOp-4041,https://github.com/strimzi/strimzi-kafka-operator/issues/4041,[Bug] Broker rolling upgrade loop when default value is set,Interaction,Platform,,
KafkaOp,KafkaOp-4331,https://github.com/strimzi/strimzi-kafka-operator/issues/4331,MirrorMaker2: Keystore password incorrect,Interaction,User,,
KafkaOp,KafkaOp-4561,https://github.com/strimzi/strimzi-kafka-operator/issues/4561,Kafka Exporter crash looping due to forced TLSv1.3 on Kafka brokers,Interaction,Application,Version incompatibility,
KafkaOp,KafkaOp-4679,https://github.com/strimzi/strimzi-kafka-operator/issues/4679,Using Class in Ingress Causes Error,Interaction,Platform,,
KafkaOp,KafkaOp-4769,https://github.com/strimzi/strimzi-kafka-operator/issues/4769,Unable to renew Custom Cluster CA Certificates,Internal,,,
KafkaOp,KafkaOp-5025,https://github.com/strimzi/strimzi-kafka-operator/issues/5025,Setting securityContext supplementalGroups causes Stackoverflow error,Misuse,,,
KafkaOp,KafkaOp-5529,https://github.com/strimzi/strimzi-kafka-operator/issues/5529,[Kafka Exporter] Changing log level does not seem to work,Internal,,,
KafkaOp,KafkaOp-5789,https://github.com/strimzi/strimzi-kafka-operator/issues/5789,PodTemplate tmpDirSizeLimit doesn't affect EntityOperator emptyDir volumes,Interaction,User,,
KafkaOp,KafkaOp-5927,https://github.com/strimzi/strimzi-kafka-operator/issues/5927,Unhandled exception during AbstractOperator.handleResult,Internal,,,
KafkaOp,KafkaOp-6046,https://github.com/strimzi/strimzi-kafka-operator/issues/6046,Topic Operator failing to start with io.vertx.core.VertxException: Thread blocked,Interaction,Application,State observability,
KafkaOp,KafkaOp-6058,https://github.com/strimzi/strimzi-kafka-operator/issues/6058,"The `strimzi_resources{kind=""Kafka""}` metric is not removed when the Kafka related namespace is deleted",Internal,,,
KafkaOp,KafkaOp-6145,https://github.com/strimzi/strimzi-kafka-operator/issues/6145,extraEnvs doesn't work for cluster operator helm charts,HelmChart,,,
KafkaOp,KafkaOp-6438,https://github.com/strimzi/strimzi-kafka-operator/issues/6438,Connector gets restarted on every reconciliation when tasks.max is set,Misuse,,,
KafkaOp,KafkaOp-6886,https://github.com/strimzi/strimzi-kafka-operator/issues/6886,Misleading imagePullSecrets value usage in operator helm chart,HelmChart,,,
KafkaOp,KafkaOp-7007,https://github.com/strimzi/strimzi-kafka-operator/issues/7007,NPE when incorrect topologySpreadConstraints are applied on a fresh cluster,Misuse,,,
KafkaOp,KafkaOp-7217,https://github.com/strimzi/strimzi-kafka-operator/issues/7217,Kafka cluster cannot be deployed with IPv6 advertised names,Misuse,,,
KafkaOp,KafkaOp-7290,https://github.com/strimzi/strimzi-kafka-operator/issues/7290,Strimzi not able to rotate kafka/zookeeper pods when they are put in failed state,Interaction,Platform,,
KafkaOp,KafkaOp-7535,https://github.com/strimzi/strimzi-kafka-operator/issues/7535,JMX port not exposed on KafkaCluster container,Interaction,User,,
KafkaOp,KafkaOp-7683,https://github.com/strimzi/strimzi-kafka-operator/issues/7683,Resources should validate correctness of new configuration,Misuse,,,
KafkaOp,KafkaOp-7685,https://github.com/strimzi/strimzi-kafka-operator/issues/7685,All Zookeeper pods are deleted when are rolled with invalid configuration,Misuse,,,
KafkaOp,KafkaOp-7798,https://github.com/strimzi/strimzi-kafka-operator/issues/7798,KafkaRoller tcp probe uses incorrect host,Interaction,Platform,,
KafkaOp,KafkaOp-8060,https://github.com/strimzi/strimzi-kafka-operator/issues/8060,Recreate watcher when closed with an exception,Internal,,,
KafkaOp,KafkaOp-8401,https://github.com/strimzi/strimzi-kafka-operator/issues/8401,Fix certificate key replacement issue when Cluster Operator crashes after the trust is established,Interaction,Platform,,
KafkaOp,KafkaOp-8472,https://github.com/strimzi/strimzi-kafka-operator/issues/8472,[Bug]: CO logs StringIndexOutOfBoundsException when tag is not specified for KafkaConnect build,Internal,,,
KafkaOp,KafkaOp-8579,https://github.com/strimzi/strimzi-kafka-operator/issues/8579,[Bug]: Invalid order of -XX properties in KAFKA_JVM_PERFORMANCE_OPTS variable,Interaction,Application,Semantic violations,Configuration
KafkaOp,KafkaOp-934,https://github.com/strimzi/strimzi-kafka-operator/issues/934,Mirror Maker doesn't support user provided configuration,Interaction,User,,
KnativeOp,KnativeOp-1157,https://github.com/knative/operator/issues/1157,[BUG] Contour pod is not deleted when disabled by user,Interaction,User,,
KnativeOp,KnativeOp-1158,https://github.com/knative/operator/issues/1158,[BUG]: operator clusterRole's permission is insufficient to enable Rabbitmq as event source,Interaction,Platform,,
KnativeOp,KnativeOp-1200,https://github.com/knative/operator/issues/1200,webhook HPA attempt at scaling up apparently reverted by the operator,Interaction,Platform,,
KnativeOp,KnativeOp-1274,https://github.com/knative/operator/issues/1274,Operator fails to install Knative Eventing when Kafka specified,Interaction,Platform,,
KnativeOp,KnativeOp-1408,https://github.com/knative/operator/issues/1408,"Need to verify if image overriding is supported in Job, Statefulset, etc.",Interaction,User,,
KnativeOp,KnativeOp-1480,https://github.com/knative/operator/issues/1480,Add the ability to configure tolerations and nodeselector for Knative pre/post-install jobs,Interaction,User,,
KnativeOp,KnativeOp-1817,https://github.com/knative/operator/issues/1817,Liveness probe cannot be removed,Interaction,User,,
KnativeOp,KnativeOp-337,https://github.com/knative/operator/issues/337,Update HA logic,Interaction,User,,
KnativeOp,KnativeOp-363,https://github.com/knative/operator/issues/363,v0.19.0 breaks Istio by creating the knative-local-gateway Service in the wrong namespace,Interaction,Co-operator,,
KnativeOp,KnativeOp-393,https://github.com/knative/operator/issues/393,"Env var changes of ""pingsource-mt-adapter"" are not respected",Interaction,User,,
KnativeOp,KnativeOp-507,https://github.com/knative/operator/issues/507,Knative-local-gateway gets deleted and never re-created,Interaction,Platform,,
KnativeOp,KnativeOp-76,https://github.com/knative/operator/issues/76,Unable to override image for the upgrade job,Interaction,User,,
KnativeOp,KnativeOp-813,https://github.com/knative/operator/issues/813,Can not set Kafka as default broker via `spec.config` property,Interaction,User,,
KubeBlocks,KubeBlocks-1040,https://github.com/apecloud/kubeblocks/issues/1040,[BUG] Delete cluster hang and pvc `STATUS` is always `Terminating`,Interaction,Platform,,
KubeBlocks,KubeBlocks-1086,https://github.com/apecloud/kubeblocks/issues/1086,"[BUG] `HorizontalScaling` cluster replicas 1 to 3 in eks, pod `Status` changes to `CrashLoopBackOff` during scaling",Interaction,Application,Mishandling application errors,
KubeBlocks,KubeBlocks-1092,https://github.com/apecloud/kubeblocks/issues/1092,"[BUG] when created cluster failed, systemaccount_util.go:351  panic",Interaction,Platform,,
KubeBlocks,KubeBlocks-1097,https://github.com/apecloud/kubeblocks/issues/1097,[BUG] systemaccount controller doesn't set secret's owner when it refers a existing one,Interaction,Platform,,
KubeBlocks,KubeBlocks-1690,https://github.com/apecloud/kubeblocks/issues/1690,[BUG]Apecloud mysql pod crash after Hscale down on AKS,Interaction,Application,Semantic violations,Ordering
KubeBlocks,KubeBlocks-2078,https://github.com/apecloud/kubeblocks/issues/2078,[BUG]PostgreSQL exporter scrape error and some panels of Grafana return no data,Interaction,Application,Semantic violations,Ordering
KubeBlocks,KubeBlocks-2152,https://github.com/apecloud/kubeblocks/issues/2152,"[BUG] Delete a cluster and immediately create a cluster with the same name , cluster status always Creating",Interaction,Platform,,
KubeBlocks,KubeBlocks-2184,https://github.com/apecloud/kubeblocks/issues/2184,[BUG] pg_hba.conf is not valid for postgresql-patroni-ha,Interaction,Application,Semantic violations,Configuration
KubeBlocks,KubeBlocks-2264,https://github.com/apecloud/kubeblocks/issues/2264,[BUG] create postgresql-ha cluster connect error,Interaction,Platform,,
KubeBlocks,KubeBlocks-2288,https://github.com/apecloud/kubeblocks/issues/2288,[BUG]couldn't get resource list for metrics.k8s.io/v1beta1 returned when kbcli playground init alicloud,HelmChart,,,
KubeBlocks,KubeBlocks-2597,https://github.com/apecloud/kubeblocks/issues/2597,[BUG]kubeblocks controller CrashLoopBackOff,Internal,,,
KubeBlocks,KubeBlocks-2648,https://github.com/apecloud/kubeblocks/issues/2648,[BUG] wesql-scale cluster rpc timeout,Interaction,Application,Semantic violations,Configuration
KubeBlocks,KubeBlocks-2945,https://github.com/apecloud/kubeblocks/issues/2945,"[BUG] The pg incremental backup recovery is complete, and the cluster is inaccessible for a short time",Interaction,Application,State observability,
KubeBlocks,KubeBlocks-3123,https://github.com/apecloud/kubeblocks/issues/3123,[BUG] pg cluster restore to time: incremental data not found,Misuse,,,
KubeBlocks,KubeBlocks-3157,https://github.com/apecloud/kubeblocks/issues/3157,[BUG] Successful reduction storage size of mysql cluster,Misuse,,,
KubeBlocks,KubeBlocks-3485,https://github.com/apecloud/kubeblocks/issues/3485,[BUG] pg cluster restore failed: primaryIndex is 1 and secondary starts before the primary,Interaction,Application,Semantic violations,Ordering
KubeBlocks,KubeBlocks-3966,https://github.com/apecloud/kubeblocks/issues/3966,[BUG] postgresql cluster restart error,Interaction,Application,Semantic violations,Ordering
KubeBlocks,KubeBlocks-4115,https://github.com/apecloud/kubeblocks/issues/4115,[BUG]Redis restart for several times after create and crash after configure,Interaction,Platform,,
KubeBlocks,KubeBlocks-4424,https://github.com/apecloud/kubeblocks/issues/4424,[BUG]kb crash after upgrade from 0.5.3 to 0.6.0,Internal,,,
KubeBlocks,KubeBlocks-5107,https://github.com/apecloud/kubeblocks/issues/5107,[BUG]Data lost when inject network delay fault to Redis cluster,Interaction,Application,Semantic violations,Precondition
KubeBlocks,KubeBlocks-5554,https://github.com/apecloud/kubeblocks/issues/5554,[BUG] Kubeblocks upgrade from 0.7.0-beta.6. to 0.7.0-beta.7. failed,Internal,,,
KubeBlocks,KubeBlocks-5681,https://github.com/apecloud/kubeblocks/issues/5681,[BUG]Pulsar cluster status is always updating after upgrade kb from 0.6.4 to 0.7,Internal,,,
KubeBlocks,KubeBlocks-5683,https://github.com/apecloud/kubeblocks/issues/5683,[BUG]Invalid value returned when update clusters upgraded from 0.6.4 to 0.7,Internal,,,
KubeBlocks,KubeBlocks-5725,https://github.com/apecloud/kubeblocks/issues/5725,[BUG]Volumeexpand of milvus minio failed,Interaction,Application,Semantic violations,Environment
KubeBlocks,KubeBlocks-6082,https://github.com/apecloud/kubeblocks/issues/6082,[BUG] Scale out will lead pods to rolling update,Interaction,Platform,,
KubeBlocks,KubeBlocks-6110,https://github.com/apecloud/kubeblocks/issues/6110,[BUG] need re-rendering config after TLS enabled,Interaction,User,,
KubeBlocks,KubeBlocks-6219,https://github.com/apecloud/kubeblocks/issues/6219,[BUG] monitor collect incorrect metrics/logs for kb-0.8,Internal,,,
KubeBlocks,KubeBlocks-6340,https://github.com/apecloud/kubeblocks/issues/6340,[BUG]weaviate keep crashing after hscale after upgrade kb from 0.7.2 to 0.8.0,Internal,,,
KubeBlocks,KubeBlocks-6390,https://github.com/apecloud/kubeblocks/issues/6390,[BUG] weaviate cluster always updating,Interaction,Application,State observability,
KubeBlocks,KubeBlocks-6785,https://github.com/apecloud/kubeblocks/issues/6785,[BUG] RSM SerialUpdateStrategy does not support engine components without roles,Internal,,,
KubeBlocks,KubeBlocks-683,https://github.com/apecloud/kubeblocks/issues/683,[BUG] Ops VolumeExpansion set storage less than previous value failed,Misuse,,,
KubeBlocks,KubeBlocks-889,https://github.com/apecloud/kubeblocks/issues/889,"[BUG] Helm validate failed: unknown field ""successThreshold""",HelmChart,,,
KubeBlocks,KubeBlocks-934,https://github.com/apecloud/kubeblocks/issues/934,[BUG] Cluster pod `STATUS` `CrashLoopBackOff` and cluster `STATUS` `Failed`,Interaction,Application,State observability,
MinIOOp,MinIOOp-1002,https://github.com/minio/operator/issues/1002,Operator fails after deploying Tenant with buckets to create during provisioning,Misuse,,,
MinIOOp,MinIOOp-1011,https://github.com/minio/operator/issues/1011,"get error ""invalid memory address or nil pointer dereference"" when upgrade minio operator to v4.3.2 from v4.0.6",Internal,,,
MinIOOp,MinIOOp-1048,https://github.com/minio/operator/issues/1048,"OCP 4.9.5 install - operator TLS secret not found: secrets ""operator-tls"" not found",Internal,,,
MinIOOp,MinIOOp-1069,https://github.com/minio/operator/issues/1069,MinIO operator produce grow of the goroutines,Internal,,,
MinIOOp,MinIOOp-1109,https://github.com/minio/operator/issues/1109,kubectl-minio does not use the custom kubeconfig for all clients,HelmChart,,,
MinIOOp,MinIOOp-1127,https://github.com/minio/operator/issues/1127,kubectl minio proxy : panic: runtime error: index out of range [0] with length 0,HelmChart,,,
MinIOOp,MinIOOp-1140,https://github.com/minio/operator/issues/1140,Hard-coded namespace in Operator Charts in 4.4.19 Onward,HelmChart,,,
MinIOOp,MinIOOp-1178,https://github.com/minio/operator/issues/1178,Nil pointer exception if a minio volume spec does not have sources,Internal,,,
MinIOOp,MinIOOp-1194,https://github.com/minio/operator/issues/1194,Add runtimeClassName support to Tenant CRD,Interaction,Application,Semantic violations,Environment
MinIOOp,MinIOOp-1234,https://github.com/minio/operator/issues/1234,"OpenShift MinIO Operator ""remote error: tls: bad certificate""",Interaction,Platform,,
MinIOOp,MinIOOp-124,https://github.com/minio/operator/issues/124,Nil pointer panic in minio operator 2.0.2 when readiness probe is not supplied.,Internal,,,
MinIOOp,MinIOOp-125,https://github.com/minio/operator/issues/125,Missing mcs metadata definitions in MinIOInstance crd,Interaction,User,,
MinIOOp,MinIOOp-1269,https://github.com/minio/operator/issues/1269,Unable to use pre-created credential secret with minio tenant helm chart,HelmChart,,,
MinIOOp,MinIOOp-1269,https://github.com/minio/operator/issues/1269,Unable to use pre-created credential secret with minio tenant helm chart,HelmChart,,,
MinIOOp,MinIOOp-1271,https://github.com/minio/operator/issues/1271,affinity key gets rendered twice making the manifest invalid to apply,HelmChart,,,
MinIOOp,MinIOOp-1289,https://github.com/minio/operator/issues/1289,Expand command is broken,HelmChart,,,
MinIOOp,MinIOOp-1294,https://github.com/minio/operator/issues/1294,"Operator (4.5.0) ""Observed a panic: ""invalid memory address or nil pointer dereference"" when creating tenant",Internal,,,
MinIOOp,MinIOOp-1312,https://github.com/minio/operator/issues/1312,update to exposeServices after tenant creation doesn't have effect,Interaction,User,,
MinIOOp,MinIOOp-1361,https://github.com/minio/operator/issues/1361,kubeconfig flag not working,HelmChart,,,
MinIOOp,MinIOOp-1412,https://github.com/minio/operator/issues/1412,Operator cannot contact Tenant due to x509: certificate signed by unknown authority in OpenShift,Interaction,Platform,,
MinIOOp,MinIOOp-1443,https://github.com/minio/operator/issues/1443,MinIO operator pod in crashloopback when one of the API service is down,Interaction,Platform,,
MinIOOp,MinIOOp-1530,https://github.com/minio/operator/issues/1530,Error in Operator logs after upgrading to 5.0.0: resource name may not be empty,Internal,,,
MinIOOp,MinIOOp-1544,https://github.com/minio/operator/issues/1544,Upgrade operator 4.5.8 -> 5.0.x breaks tenants,HelmChart,,,
MinIOOp,MinIOOp-1601,https://github.com/minio/operator/issues/1601,Operator missing to set MINIO_SERVER_URL env variable,Interaction,User,,
MinIOOp,MinIOOp-1606,https://github.com/minio/operator/issues/1606,Init containers and sidecar containers are missing container security context,Interaction,User,,
MinIOOp,MinIOOp-1624,https://github.com/minio/operator/issues/1624,panic: runtime error: invalid memory address or nil pointer dereference,Misuse,,,
MinIOOp,MinIOOp-1626,https://github.com/minio/operator/issues/1626,BUG: Pool creation name conflict when Expanding Tenant,Misuse,,,
MinIOOp,MinIOOp-1645,https://github.com/minio/operator/issues/1645,Error syncing tenant after tenant image changes,Misuse,,,
MinIOOp,MinIOOp-1655,https://github.com/minio/operator/issues/1655,No error is seen if tenant yaml file is incorrect,Misuse,,,
MinIOOp,MinIOOp-1663,https://github.com/minio/operator/issues/1556,Env configuration issues,HelmChart,,,
MinIOOp,MinIOOp-170,https://github.com/minio/operator/issues/170,Support validation of input for volumePerServer if re-deployed,Misuse,,,
MinIOOp,MinIOOp-171,https://github.com/minio/operator/issues/171,Crash in minioIOinstance validator,Internal,,,
MinIOOp,MinIOOp-1760,https://github.com/minio/operator/issues/1760,PROMETHEUS_NAME env variable seems to be not correctly integrated,Internal,,,
MinIOOp,MinIOOp-1785,https://github.com/minio/operator/issues/1785,Can't expand a tenant. Pool exists.,HelmChart,,,
MinIOOp,MinIOOp-1823,https://github.com/minio/operator/issues/1823,Tenant pod annotation causes panic,Internal,,,
MinIOOp,MinIOOp-1845,https://github.com/minio/operator/issues/1845,"requestAutoCert makes tenant stuck in ""Provisioning default buckets"", operator can't find Kubernetes CA (CN=kubernetes)",Internal,,,
MinIOOp,MinIOOp-1868,https://github.com/minio/operator/issues/1868,add persistent volume claim annotations for the tenant,HelmChart,,,
MinIOOp,MinIOOp-1985,https://github.com/minio/operator/issues/1985,MINIO_OPERATOR_CSR_SIGNER_NAME env variable is ignored if detected platform is EKS,Internal,,,
MinIOOp,MinIOOp-241,https://github.com/minio/operator/issues/241,Operator can't update Minio and Console images,Interaction,User,,
MinIOOp,MinIOOp-303,https://github.com/minio/operator/issues/303,Console deployment uses minio prometheus annotations,Misuse,,,
MinIOOp,MinIOOp-333,https://github.com/minio/operator/issues/333,Adding Zone causes to re-request TLS certificates for Tenant,Interaction,Platform,,
MinIOOp,MinIOOp-384,https://github.com/minio/operator/issues/384,Tenant update doesnt do anything,Interaction,Application,Version incompatibility,
MinIOOp,MinIOOp-396,https://github.com/minio/operator/issues/396,KES job (kes key create) fails with KES 0.12.1 and 0.13.0,HelmChart,,,
MinIOOp,MinIOOp-448,https://github.com/minio/operator/issues/448,Tenants created before 3.0.29 with tls disabled don't upgrade correctly,Internal,,,
MinIOOp,MinIOOp-449,https://github.com/minio/operator/issues/449,statefulSet not updated when updating env vars in tenant spec,Interaction,User,,
MinIOOp,MinIOOp-467,https://github.com/minio/operator/issues/467,"minio tenant expand does not accept ""--storage-class"" parameter",HelmChart,,,
MinIOOp,MinIOOp-473,https://github.com/minio/operator/issues/473,kubectl minio plugin doesn't properly cleanup after operator 3.0.29,HelmChart,,,
MinIOOp,MinIOOp-543,https://github.com/minio/operator/issues/543,Change of Tenant.spec.kes.replicas is not synced,Interaction,User,,
MinIOOp,MinIOOp-598,https://github.com/minio/operator/issues/598,Helm chart creates only one Tenant when multiple defined,HelmChart,,,
MinIOOp,MinIOOp-639,https://github.com/minio/operator/issues/639,"MINIO_KES_IDENTITY removed after sync of KES StatefulSet, after operator update to 4.0.10",Internal,,,
MinIOOp,MinIOOp-813,https://github.com/minio/operator/issues/813,minio/operator upgrade from version v4.2.4 to version v4.2.5 cant start,Internal,,,
MinIOOp,MinIOOp-814,https://github.com/minio/operator/issues/814,Unable to validate passed arguments in MINIO_ARGS,Internal,,,
MinIOOp,MinIOOp-869,https://github.com/minio/operator/issues/869,Unable to validate the session token,Internal,,,
MinIOOp,MinIOOp-890,https://github.com/minio/operator/issues/890,Expanding existing tenant using helm operator fails,HelmChart,,,
MinIOOp,MinIOOp-895,https://github.com/minio/operator/issues/895,No metrics are available when the tenant name is too long,Interaction,Co-operator,,
MinIOOp,MinIOOp-949,https://github.com/minio/operator/issues/949,"minio pods fail to schedule due to ""anti-affinity""",Misuse,,,
MinIOOp,MinIOOp-950,https://github.com/minio/operator/issues/950,[kubectl-minio] typo in parsing CLI flags - PrometheusName,HelmChart,,,
MinIOOp,MinIOOp-960,https://github.com/minio/operator/issues/960,[v4.4.1] Operator deployment rendered incorrectly in helm chart,HelmChart,,,
MinIOOp,MinIOOp-964,https://github.com/minio/operator/issues/964,Update URL is hardcoded to HTTPS,Internal,,,
MinIOOp,MinIOOp-968,https://github.com/minio/operator/issues/968,Tenant MinIO instance changing svc ports,Interaction,Platform,,
MinIOOp,MinIOOp-978,https://github.com/minio/operator/issues/978,Add 'users' support to tenant helm chart,HelmChart,,,
MinIOOp,MinIOOp-990,https://github.com/minio/operator/issues/990,Prometheus scrape config has the wrong format,Internal,,,
MinIOOp,MinIOOp-995,https://github.com/minio/operator/issues/995,Manual action required to expand MinIO tenant,Interaction,Application,Semantic violations,Configuration
MongoOp,MongoOp-179,https://jira.percona.com/browse/K8SPSMDB-179,"The ""error"" cluster status instead of the ""initializing"" one during the replset initialization",Internal,,,
MongoOp,MongoOp-345,https://jira.percona.com/browse/K8SPSMDB-345,migration from sharding to replica set doesn't work in some cases,Interaction,Application,Semantic violations,Configuration
MongoOp,MongoOp-430,https://jira.percona.com/browse/MongoOp-430,[BUG] Stale deletionTimestamp information leads to undesired statefulset and PVC deletion,Interaction,Platform,,
MongoOp,MongoOp-504,https://jira.percona.com/browse/K8SPSMDB-504,cluster fails to become ready if replica set members exposed with LoadBalancer,Interaction,Application,Semantic violations,Ordering
MongoOp,MongoOp-506,https://jira.percona.com/browse/K8SPSMDB-506,Smart update fails if replset exposed,Internal,,,
MongoOp,MongoOp-512,https://jira.percona.com/browse/K8SPSMDB-512,Add CustomWriteConcern type,Interaction,Application,Version incompatibility,
MongoOp,MongoOp-548,https://jira.percona.com/browse/MongoOp-548,PSMDB 5.0 error BSON field 'saslContinue.mechanism' is an unknown field,Interaction,Application,Version incompatibility,
MongoOp,MongoOp-556,https://jira.percona.com/browse/K8SPSMDB-556,Cluster fails if replset is exposed on PSMDB 5.0,Interaction,Application,Version incompatibility,
MongoOp,MongoOp-578,https://jira.percona.com/browse/K8SPSMDB-578,[BUG] ssl-internal secret never gets created if the operator crashes and restarts at some particular point,Interaction,Platform,,
MongoOp,MongoOp-584,https://jira.percona.com/browse/K8SPSMDB-584,backup doesn't start with current main images,Interaction,Application,Semantic violations,Ordering
MongoOp,MongoOp-616,https://jira.percona.com/browse/K8SPSMDB-616,PSMDB helm chart is not using secrets from values file,HelmChart,,,
MongoOp,MongoOp-762,https://jira.percona.com/browse/K8SPSMDB-762,Operator runs reconfig in every reconciliation if arbiter is enabled,Interaction,Application,State observability,
MongoOp,MongoOp-765,https://jira.percona.com/browse/K8SPSMDB-765,pmm client cannot connect to mongodb when requireTLS mode activated,Interaction,Application,Semantic violations,Configuration
MongoOp,MongoOp-767,https://jira.percona.com/browse/K8SPSMDB-767,combination of delete-psmdb-pods-in-order and delete-psmdb-pvc finalizers doesn't work,Internal,,,
MongoOp,MongoOp-772,https://jira.percona.com/browse/K8SPSMDB-772,The 'setDefaultRWConcern' administrative command does not work for psmdb 4.2,Interaction,Application,Version incompatibility,
MongoOp,MongoOp-778,https://jira.percona.com/browse/K8SPSMDB-778,Operator don't delete arbiter during replica set deletion.,Internal,,,
MongoOp,MongoOp-779,https://jira.percona.com/browse/K8SPSMDB-779,No metrics in PMM with unsafe flag set to true,Interaction,Application,Semantic violations,Configuration
MongoOp,MongoOp-783,https://jira.percona.com/browse/K8SPSMDB-783,"The crVersion field should reside in the PSMDB Manifest and currently is not, which causes issues",HelmChart,,,
MongoOp,MongoOp-784,https://jira.percona.com/browse/K8SPSMDB-784,Security enableEncryption is always activated when using psmdb-db Helm Chart,HelmChart,,,
MongoOp,MongoOp-796,https://jira.percona.com/browse/K8SPSMDB-796,Backup fails if replset is exposed,Interaction,Application,Semantic violations,Configuration
MongoOp,MongoOp-820,https://jira.percona.com/browse/K8SPSMDB-820,Cluster-Wide mode does not support backups of multiple Mongo-Instances in v1.13.0,Interaction,Platform,,
MongoOp,MongoOp-841,https://jira.percona.com/browse/K8SPSMDB-841,Cluster unready after switching from expose LoadBalancer to ClusterIP,Interaction,Application,Semantic violations,Configuration
MongoOp,MongoOp-843,https://jira.percona.com/browse/K8SPSMDB-843,Cannot start the cluster after it was deleted,Interaction,Platform,,
MongoOp,MongoOp-845,https://jira.percona.com/browse/K8SPSMDB-845,delete backup finalizer fails with PBM v2 with old storage,Interaction,Application,Semantic violations,Ordering
MongoOp,MongoOp-846,https://jira.percona.com/browse/K8SPSMDB-846,Scaling down results in node as Secondary,Interaction,Application,Semantic violations,Ordering
MongoOp,MongoOp-873,https://jira.percona.com/browse/K8SPSMDB-873,Mongosh breaks ps-entry.sh logic on Openshift,Interaction,Application,Semantic violations,Environment
MongoOp,MongoOp-876,https://jira.percona.com/browse/K8SPSMDB-876,delete-psmdb-pods-in-order finalizer doesn't affect config replica set,Internal,,,
MongoOp,MongoOp-895,https://jira.percona.com/browse/K8SPSMDB-895,percona mongodb cannot turn off exposed service,Interaction,User,,
MongoOp,MongoOp-911,https://jira.percona.com/browse/K8SPSMDB-911,Fix credentials in backup-agent container logs.,Internal,,,
MongoOp,MongoOp-917,https://jira.percona.com/browse/K8SPSMDB-917,DISABLE_TELEMETRY cannot be set using the Helm chart,HelmChart,,,
RabbitMQOp,RabbitMQOp-234,https://github.com/rabbitmq/cluster-operator/issues/234,Cannot create RMQ instance on Openshift,Interaction,Platform,,
RabbitMQOp,RabbitMQOp-239,https://github.com/rabbitmq/cluster-operator/issues/239,Missing properties in rabbitmq chart,HelmChart,,,
RabbitMQOp,RabbitMQOp-261,https://github.com/rabbitmq/cluster-operator/issues/261,AllReplicasReady outputs True although no pod created,Interaction,Platform,,
RabbitMQOp,RabbitMQOp-264,https://github.com/rabbitmq/cluster-operator/issues/264,RabbitMQ server missing role rule to create events,Interaction,Platform,,
RabbitMQOp,RabbitMQOp-304,https://github.com/rabbitmq/cluster-operator/issues/304,Reconcile Error after change the Config Map,Interaction,Platform,,
RabbitMQOp,RabbitMQOp-433,https://github.com/rabbitmq/cluster-operator/issues/433,"When using override to set an env variable, you can't refer to MY_POD_NAME and other variables",Interaction,Platform,,
RabbitMQOp,RabbitMQOp-472,https://github.com/rabbitmq/cluster-operator/issues/472,"Controller error ""the object has been modified""",Interaction,Platform,,
RabbitMQOp,RabbitMQOp-537,https://github.com/rabbitmq/cluster-operator/issues/537,cluster operator fails to deploy rabbitmq instance,Misuse,,,
RabbitMQOp,RabbitMQOp-622,https://github.com/rabbitmq/cluster-operator/issues/622,Can't restart single-node RabbitMQ cluster if quorum queue declared,Interaction,Application,Semantic violations,Precondition
RabbitMQOp,RabbitMQOp-648,https://github.com/rabbitmq/cluster-operator/issues/648,[BUG] Reading stale RabbitmqCluster information can lead to undesired statefulset deletion,Interaction,Platform,,
RabbitMQOp,RabbitMQOp-653,https://github.com/rabbitmq/cluster-operator/issues/653,[BUG] deleteSts and updatePVC get invoked unexpectedly when reading stale information from apiserver,Interaction,Platform,,
RabbitMQOp,RabbitMQOp-662,https://github.com/rabbitmq/cluster-operator/issues/662,Nodes that form a new cluster may not cluster correctly,Interaction,Application,Semantic violations,Ordering
RabbitMQOp,RabbitMQOp-69,https://github.com/rabbitmq/cluster-operator/issues/69,Controller manager crashes with leader election failure,Interaction,Platform,,
RabbitMQOp,RabbitMQOp-782,https://github.com/rabbitmq/cluster-operator/issues/782,[BUG] PVC expansion fails if the operator crashes in the middle of reconciliation,Interaction,Platform,,
RabbitMQOp,RabbitMQOp-878,https://github.com/rabbitmq/cluster-operator/issues/878,RabbitMQ Cluster Service's port names cause issue in Istio [KIA0601: Port name must follow <protocol>[-suffix] form],Interaction,Co-operator,,
RabbitMQOp,RabbitMQOp-958,https://github.com/rabbitmq/cluster-operator/issues/958,RabbitMQ Node sometimes fails with nxdomain on startup,Interaction,Application,Semantic violations,Ordering
SolrOp,SolrOp-142,https://github.com/apache/solr-operator/issues/142,Cannot connect to ServiceIP service for either SolrCloud or SolrPrometheusExporter.,Interaction,Platform,,
SolrOp,SolrOp-169,https://github.com/apache/solr-operator/issues/169,Unable to upgrade SolrClouds from v0.2.6 to v0.2.7,Internal,,,
SolrOp,SolrOp-208,https://github.com/apache/solr-operator/issues/208,podOptions probes ignored,Interaction,User,,
SolrOp,SolrOp-227,https://github.com/apache/solr-operator/issues/227,Errors often occur while deleting Solr Pods,Interaction,Application,Semantic violations,Configuration
SolrOp,SolrOp-274,https://github.com/apache/solr-operator/issues/274,"Bootstrapped security.json incorrectly assigns the ""all"" permission to the ""users"" role due to ordering of rules",Interaction,Application,Semantic violations,Configuration
SolrOp,SolrOp-348,https://github.com/apache/solr-operator/issues/348,Issue with rolling restart with multi SolrCloud clusters,Internal,,,
SolrOp,SolrOp-365,https://github.com/apache/solr-operator/issues/365,Try to behave better when upgrading ephemeral SolrClouds,Interaction,Application,Semantic violations,Precondition
SolrOp,SolrOp-379,https://github.com/apache/solr-operator/issues/379,Cannot provide external address via values.yaml,HelmChart,,,
SolrOp,SolrOp-428,https://github.com/apache/solr-operator/issues/428,Default to port 2181 for zookeeper connection string,Misuse,,,
SolrOp,SolrOp-438,https://github.com/apache/solr-operator/issues/438,DataStorage as persistent with a defined pvcTemplate name prevents cluster creation,Internal,,,
SolrOp,SolrOp-479,https://github.com/apache/solr-operator/issues/479,Operator in CrashLoop with panic,Internal,,,
SolrOp,SolrOp-490,https://github.com/apache/solr-operator/issues/490,Zookeeper pod label customization not working,Interaction,Co-operator,,
SolrOp,SolrOp-515,https://github.com/apache/solr-operator/issues/515,SolrBackup doesn't work when the collections field is omitted,Interaction,User,,
SolrOp,SolrOp-519,https://github.com/apache/solr-operator/issues/519,cp-solr-xml fails when a local backup repository is configured with SolrCloud running as a custom user,Internal,,,
SolrOp,SolrOp-559,https://github.com/apache/solr-operator/issues/559,Support managed scale down of SolrClouds,Interaction,Application,Semantic violations,Precondition
SolrOp,SolrOp-603,https://github.com/apache/solr-operator/issues/693,Liveness probe failing for Prometheus Exporter connected to a large SolrCloud,Interaction,Application,State observability,
SolrOp,SolrOp-640,https://github.com/apache/solr-operator/issues/640,HTTP app protocol on services prevents recovery over http2,Interaction,Co-operator,,
SolrOp,SolrOp-682,https://github.com/apache/solr-operator/issues/682,Shards in a down state after an HPA scale up / scale down event.,Internal,,,
SolrOp,SolrOp-688,https://github.com/apache/solr-operator/issues/688,Actual running pod counts are different from the HPA-allocated,Internal,,,
SolrOp,SolrOp-84,https://github.com/apache/solr-operator/issues/84,Solr registers with incorrect port 80 in Zookeeper,Interaction,Platform,,
SolrOp,SolrOp-97,https://github.com/apache/solr-operator/issues/97,Invalid router field is set on collection if none is specified in solrcollection yaml file,Misuse,,,
TiDBOp,TiDBOp-1687,https://github.com/pingcap/tidb-operator/issues/1687,TLS doesn't work as expected,HelmChart,,,
TiDBOp,TiDBOp-1949,https://github.com/pingcap/tidb-operator/issues/1949,Issues with TiDB Monitor,Interaction,Platform,,
TiDBOp,TiDBOp-2219,https://github.com/pingcap/tidb-operator/issues/2219,PD placement rules should be enabled if using TiFlash,Interaction,Application,Semantic violations,Configuration
TiDBOp,TiDBOp-2739,https://github.com/pingcap/tidb-operator/issues/2739,failover and scaling are blocked if one Pod failed during rolling update,Interaction,Application,Mishandling application errors,
TiDBOp,TiDBOp-2805,https://github.com/pingcap/tidb-operator/issues/2805,Failed to create the latest version tidb cluster,Interaction,Application,Version incompatibility,
TiDBOp,TiDBOp-2888,https://github.com/pingcap/tidb-operator/issues/2888,backups block namespace deletion,Interaction,Platform,,
TiDBOp,TiDBOp-2914,https://github.com/pingcap/tidb-operator/issues/2914,operator get blocked when delete backup CR,Interaction,Application,State observability,
TiDBOp,TiDBOp-3259,https://github.com/pingcap/tidb-operator/issues/3259,Backup with BR failed,Interaction,Platform,,
TiDBOp,TiDBOp-3524,https://github.com/pingcap/tidb-operator/issues/3524,tidb-controller-manager panics during backup with BR,Internal,,,
TiDBOp,TiDBOp-3681,https://github.com/pingcap/tidb-operator/issues/3681,Backup & Restore with BR fail,Interaction,Application,Semantic violations,Configuration
TiDBOp,TiDBOp-3817,https://github.com/pingcap/tidb-operator/issues/3817,Backup clean jobs do not consider the toleration and affinity configurations in the backup CR,Interaction,User,,
TiDBOp,TiDBOp-3850,https://github.com/pingcap/tidb-operator/issues/3850,tidb-controller-manager reports `Shutting down xxxx controller` and fails to sync the cluster,Interaction,Platform,,
TiDBOp,TiDBOp-3851,https://github.com/pingcap/tidb-operator/issues/3851,TiDB Operator tries to resize the PVCs when multiple PVCs are configured for the components,Internal,,,
TiDBOp,TiDBOp-4112,https://github.com/pingcap/tidb-operator/issues/4112,Add namespace to the manifests of the helm chart,HelmChart,,,
TiDBOp,TiDBOp-4150,https://github.com/pingcap/tidb-operator/issues/4150,Provide examples of istio and tidb operator integration,Interaction,Co-operator,,
TiDBOp,TiDBOp-4179,https://github.com/pingcap/tidb-operator/issues/4179,Statefulsets are updated during each sync even if no change to the spec,Interaction,Platform,,
TiDBOp,TiDBOp-4483,https://github.com/pingcap/tidb-operator/issues/4483,TiKV leaders can't be moved back to the node whose downtime reaches max-store-down-time,Interaction,Application,Mishandling application errors,
TiDBOp,TiDBOp-4489,https://github.com/pingcap/tidb-operator/issues/4489,E2E case for random tidb password is unstable,Misuse,,,
TiDBOp,TiDBOp-4497,https://github.com/pingcap/tidb-operator/issues/4497,Statefulset control should reset delete-slots on conflict retry when do update,Interaction,User,,
TiDBOp,TiDBOp-4616,https://github.com/pingcap/tidb-operator/issues/4616,can not upgrade tikv when using local storage,Misuse,,,
TiDBOp,TiDBOp-4760,https://github.com/pingcap/tidb-operator/issues/4760,Improve components' readiness check mechanisms,Interaction,Application,State observability,
TiDBOp,TiDBOp-4778,https://github.com/pingcap/tidb-operator/issues/4778,delete a invalid backup get stuck when there is no backupmeta there,Interaction,Application,Mishandling application errors,
TiDBOp,TiDBOp-4781,https://github.com/pingcap/tidb-operator/issues/4781,Operator could not start the volume-snapshot backup,Internal,,,
TiDBOp,TiDBOp-4807,https://github.com/pingcap/tidb-operator/issues/4807,TiKV pods can't be created when execute EBS snapshot restore with Tiflash,Internal,,,
TiDBOp,TiDBOp-4990,https://github.com/pingcap/tidb-operator/issues/4990,tidb-controller-manager panics if tidb-operator chart is configured without any cluster permissions,Internal,,,
TiDBOp,TiDBOp-5011,https://github.com/pingcap/tidb-operator/issues/5011,tidb-controller-manager panics if tidb-cluster is configured with AdditionalVolumeMounts,Internal,,,
TiDBOp,TiDBOp-5160,https://github.com/pingcap/tidb-operator/issues/5160,"Need to add the restore name to the warmup job name, otherwise it will affect the next restore task",Interaction,Platform,,
TiDBOp,TiDBOp-5196,https://github.com/pingcap/tidb-operator/issues/5196,EBS backup clean successfully when the backupmeta is lost,Internal,,,
TiDBOp,TiDBOp-5219,https://github.com/pingcap/tidb-operator/issues/5219,calcSizeLevel of volume backup doesn't take effect,Interaction,User,,
TiDBOp,TiDBOp-5281,https://github.com/pingcap/tidb-operator/issues/5281,backup job is stuck(snapshot is completed),Internal,,,
TiDBOp,TiDBOp-533,https://github.com/pingcap/tidb-operator/issues/533,Mydumper cause TiKV OOMKilled,Misuse,,,
TiDBOp,TiDBOp-5456,https://github.com/pingcap/tidb-operator/issues/5456,backup is stuck when the init pod creating stuck and exceed ttl,Interaction,Platform,,
TiDBOp,TiDBOp-5468,https://github.com/pingcap/tidb-operator/issues/5468,Backup pod error due to creating file error,Interaction,Application,Semantic violations,Environment
TiDBOp,TiDBOp-5478,https://github.com/pingcap/tidb-operator/issues/5478,"volumebackup failed, error message is ""init job deleted before all the volume snapshots are created""",Internal,,,
TiDBOp,TiDBOp-643,https://github.com/pingcap/tidb-operator/issues/643,scheduled-backup: segmentation fault when backup user's password is empty,HelmChart,,,
ZL/PostgresOp,ZL/PostgresOp-1029,https://github.com/zalando/postgres-operator/issues/1029,`ignore_startup_parameters` for pgbouncer ini not working still,Internal,,,
ZL/PostgresOp,ZL/PostgresOp-1060,https://github.com/zalando/postgres-operator/issues/1060,"Pooler issue after upgrade to 1.5. With ""error: unexpected response from login query"".",Interaction,Application,Semantic violations,Configuration
ZL/PostgresOp,ZL/PostgresOp-1130,https://github.com/zalando/postgres-operator/issues/1130,Schema creation failed with permission error in preparedDatabases,Interaction,Application,Semantic violations,Configuration
ZL/PostgresOp,ZL/PostgresOp-1191,https://github.com/zalando/postgres-operator/issues/1191,Helm - did not find expected '-' indicator,HelmChart,,,
ZL/PostgresOp,ZL/PostgresOp-1206,https://github.com/zalando/postgres-operator/issues/1206,Postgres-operator doesn't let to create sidecars anymore,Misuse,,,
ZL/PostgresOp,ZL/PostgresOp-1252,https://github.com/zalando/postgres-operator/issues/1252,"Error: unable to build kubernetes objects from release manifest: error validating """"",HelmChart,,,
ZL/PostgresOp,ZL/PostgresOp-1359,https://github.com/zalando/postgres-operator/issues/1359,Operator runasuser/runasgroup configs not working,Internal,,,
ZL/PostgresOp,ZL/PostgresOp-1374,https://github.com/zalando/postgres-operator/issues/1374,Chart version 1.6.0 has disappeared from repository,HelmChart,,,
ZL/PostgresOp,ZL/PostgresOp-1377,https://github.com/zalando/postgres-operator/issues/1377,Rolling restart/update at every sync cycle since v1.6.1,Interaction,Platform,,
ZL/PostgresOp,ZL/PostgresOp-1384,https://github.com/zalando/postgres-operator/issues/1384,Sidecar port default protocol are buggy,Interaction,Platform,,
ZL/PostgresOp,ZL/PostgresOp-1420,https://github.com/zalando/postgres-operator/issues/1420,Default privileges are not set in public schema,Interaction,Application,Semantic violations,Configuration
ZL/PostgresOp,ZL/PostgresOp-1431,https://github.com/zalando/postgres-operator/issues/1431,helm chart ConfigMap typo.,HelmChart,,,
ZL/PostgresOp,ZL/PostgresOp-1440,https://github.com/zalando/postgres-operator/issues/1440,Upgrade to 1.6.2 fails with unknown field,HelmChart,,,
ZL/PostgresOp,ZL/PostgresOp-1447,https://github.com/zalando/postgres-operator/issues/1447,Resync  every 30 min with statefulset ... is not in the desired state and needs to be updated,Internal,,,
ZL/PostgresOp,ZL/PostgresOp-1458,https://github.com/zalando/postgres-operator/issues/1458,Adding/changing additionalVolumes does not trigger StatefulSet update,Interaction,User,,
ZL/PostgresOp,ZL/PostgresOp-1459,https://github.com/zalando/postgres-operator/issues/1459,No additionalVolumes mounted when targetContainers is an empty list,Interaction,User,,
ZL/PostgresOp,ZL/PostgresOp-1511,https://github.com/zalando/postgres-operator/issues/1511,PgBouncer Unable to connect to postgres master,Internal,,,
ZL/PostgresOp,ZL/PostgresOp-1525,https://github.com/zalando/postgres-operator/issues/1525,Helm: Chart not using helm-flag '--namespace',HelmChart,,,
ZL/PostgresOp,ZL/PostgresOp-1663,https://github.com/zalando/postgres-operator/issues/1663,PodDisruptionBudget blocks master disruption,Interaction,Platform,,
ZL/PostgresOp,ZL/PostgresOp-1677,https://github.com/zalando/postgres-operator/issues/1677,Remove helm2 support from helm chart,HelmChart,,,
ZL/PostgresOp,ZL/PostgresOp-1678,https://github.com/zalando/postgres-operator/issues/1678,Logical backup fails after major version upgrade unless manual removal of CronJobs,Internal,,,
ZL/PostgresOp,ZL/PostgresOp-1737,https://github.com/zalando/postgres-operator/issues/1737,Multiple non-matching CRD definitions,Internal,,,
ZL/PostgresOp,ZL/PostgresOp-1740,https://github.com/zalando/postgres-operator/issues/1740,When using ConfigMaps operator stiil need permission to create endpoints,Internal,,,
ZL/PostgresOp,ZL/PostgresOp-1754,https://github.com/zalando/postgres-operator/issues/1754,inherited_annotations not passed to PVC,Internal,,,
ZL/PostgresOp,ZL/PostgresOp-1758,https://github.com/zalando/postgres-operator/issues/1758,Insufficient permissions when kubernetes_use_configmaps is true,Internal,,,
ZL/PostgresOp,ZL/PostgresOp-1774,https://github.com/zalando/postgres-operator/issues/1774,annotation change is not taken by connectionPooler pod,Interaction,User,,
ZL/PostgresOp,ZL/PostgresOp-1863,https://github.com/zalando/postgres-operator/issues/1863,Postgres Operator has started to create a duplicated port since v1.8.0,Internal,,,
ZL/PostgresOp,ZL/PostgresOp-1868,https://github.com/zalando/postgres-operator/issues/1868,Operator `postgresqls` CRD and Helm Chart CRD out of sync,HelmChart,,,
ZL/PostgresOp,ZL/PostgresOp-1882,https://github.com/zalando/postgres-operator/issues/1882,"Helm2 support dropped, but not removed from Chart.yaml?",HelmChart,,,
ZL/PostgresOp,ZL/PostgresOp-1886,https://github.com/zalando/postgres-operator/issues/1886,Spilo env var generation refactoring breaks proxy support,Internal,,,
ZL/PostgresOp,ZL/PostgresOp-1890,https://github.com/zalando/postgres-operator/issues/1890,Lag (ClusterMember.members.lag) value over int32 max value,Internal,,,
ZL/PostgresOp,ZL/PostgresOp-1927,https://github.com/zalando/postgres-operator/issues/1927,Load balancing service annotations are applying to services that do not have load balancing enabled,Misuse,,,
ZL/PostgresOp,ZL/PostgresOp-1946,https://github.com/zalando/postgres-operator/issues/1946,Helm chart storage_resize_mode mixed does not work,HelmChart,,,
ZL/PostgresOp,ZL/PostgresOp-1992,https://github.com/zalando/postgres-operator/issues/1992,No switchover candidate found,Interaction,Application,Version incompatibility,
ZL/PostgresOp,ZL/PostgresOp-2025,https://github.com/zalando/postgres-operator/issues/2025,Cluster Env Variable Updates Require Operator Restart,Interaction,User,,
ZL/PostgresOp,ZL/PostgresOp-2031,https://github.com/zalando/postgres-operator/issues/2031,the Operator rolling update statefulsets unnecessary whien Kube API down.,Interaction,Platform,,
ZL/PostgresOp,ZL/PostgresOp-2057,https://github.com/zalando/postgres-operator/issues/2057,Allow setting null resource requests / limits,Interaction,User,,
ZL/PostgresOp,ZL/PostgresOp-2114,https://github.com/zalando/postgres-operator/issues/2114,Can't override image repositories of sidecars within operators helm values.yaml,HelmChart,,,
ZL/PostgresOp,ZL/PostgresOp-2180,https://github.com/zalando/postgres-operator/issues/2180,Identical external-dns hostnames for load balancer type services for the master and the master pooler,Interaction,Platform,,
ZL/PostgresOp,ZL/PostgresOp-2276,https://github.com/zalando/postgres-operator/issues/2276,failover fails with synchronous_mode and 2 instances,Interaction,Application,Semantic violations,Precondition
ZL/PostgresOp,ZL/PostgresOp-2594,https://github.com/zalando/postgres-operator/issues/2594,Configuration pdb_master_label_selector is not available in OperatorConfiguration CRD,HelmChart,,,
ZL/PostgresOp,ZL/PostgresOp-2630,https://github.com/zalando/postgres-operator/issues/2630,No ARM64 support on Helm chart,HelmChart,,,
ZL/PostgresOp,ZL/PostgresOp-269,https://github.com/zalando/postgres-operator/issues/269,"Setting numberOfInstances to ""2"" instead of 2 will scale cluster to 0 replicas",Misuse,,,
ZL/PostgresOp,ZL/PostgresOp-388,https://github.com/zalando/postgres-operator/issues/388,Enable schema validation for postgresql CRD,Internal,,,
ZL/PostgresOp,ZL/PostgresOp-407,https://github.com/zalando/postgres-operator/issues/407,Wrong PAM role added to pg_hba,Internal,,,
ZL/PostgresOp,ZL/PostgresOp-429,https://github.com/zalando/postgres-operator/issues/429,Ensure operator moves pods from a decommisioned nodes,Interaction,Application,Semantic violations,Precondition
ZL/PostgresOp,ZL/PostgresOp-45,https://github.com/zalando/postgres-operator/issues/45,Service updates do not change the metadata,Interaction,User,,
ZL/PostgresOp,ZL/PostgresOp-471,https://github.com/zalando/postgres-operator/issues/471,Correctly set k8s labels in the operator,Misuse,,,
ZL/PostgresOp,ZL/PostgresOp-539,https://github.com/zalando/postgres-operator/issues/539,Fix RBAC defined by the Helm chart,HelmChart,,,
ZL/PostgresOp,ZL/PostgresOp-551,https://github.com/zalando/postgres-operator/issues/551,quick create-delete leaves orphaned  objects,Interaction,Platform,,
ZL/PostgresOp,ZL/PostgresOp-591,https://github.com/zalando/postgres-operator/issues/591,configLogicalBackup is missing in helm's configmap,HelmChart,,,
ZL/PostgresOp,ZL/PostgresOp-593,https://github.com/zalando/postgres-operator/issues/593,Logical backup incompatible with the main Postgres pod anti-affinity rules,Internal,,,
ZL/PostgresOp,ZL/PostgresOp-600,https://github.com/zalando/postgres-operator/issues/600,Improve failover during rolling updates,Interaction,Application,Semantic violations,Precondition
ZL/PostgresOp,ZL/PostgresOp-610,https://github.com/zalando/postgres-operator/issues/610,Ugly format of helm template output,HelmChart,,,
ZL/PostgresOp,ZL/PostgresOp-639,https://github.com/zalando/postgres-operator/issues/639,No way to define postgres listen address from operator/No IPv6 support,HelmChart,,,
ZL/PostgresOp,ZL/PostgresOp-641,https://github.com/zalando/postgres-operator/issues/641,Failed to run logical backup cronjob,Internal,,,
ZL/PostgresOp,ZL/PostgresOp-713,https://github.com/zalando/postgres-operator/issues/713,Service creation fails at first sync after enabling/disabling Load Balancer type,Interaction,Platform,,
ZL/PostgresOp,ZL/PostgresOp-838,https://github.com/zalando/postgres-operator/issues/838,Invalid type of value,Internal,,,
ZL/PostgresOp,ZL/PostgresOp-855,https://github.com/zalando/postgres-operator/issues/855,master service gets no selectors on OpenShift,Internal,,,
ZL/PostgresOp,ZL/PostgresOp-864,https://github.com/zalando/postgres-operator/issues/864,Helm chart tar.gz files contain tar.gz files of previous releases,HelmChart,,,
ZL/PostgresOp,ZL/PostgresOp-905,https://github.com/zalando/postgres-operator/issues/905,Cpu limit value cannot be set,Misuse,,,
ZL/PostgresOp,ZL/PostgresOp-909,https://github.com/zalando/postgres-operator/issues/909,postgres operator chart version-1.4.0 package out-of-date with master,HelmChart,,,
ZL/PostgresOp,ZL/PostgresOp-944,https://github.com/zalando/postgres-operator/issues/944,Why the secret_name_template is different between helm and helm crd?,HelmChart,,,
ZL/PostgresOp,ZL/PostgresOp-966,https://github.com/zalando/postgres-operator/issues/966,Helm deploy broken in v1.5.0,HelmChart,,,
ZooKeeperOp,ZooKeeper-102,https://github.com/pravega/zookeeper-operator/issues/102,Zookeeper Cluster can't start when istio is used,Interaction,Co-operator,,
ZooKeeperOp,ZooKeeperOp-104,https://github.com/pravega/zookeeper-operator/issues/104,Scale Down may not wait long enough before destroying PODs,Interaction,Application,Semantic violations,Ordering
ZooKeeperOp,ZooKeeperOp-139,https://github.com/pravega/zookeeper-operator/issues/139,Zookeeper operator is not updating cluster status correctly,Interaction,Platform,,
ZooKeeperOp,ZooKeeperOp-177,https://github.com/pravega/zookeeper-operator/issues/177,Unable to configure storage resources of zookeeper PVCs,Interaction,User,,
ZooKeeperOp,ZooKeeperOp-183,https://github.com/pravega/zookeeper-operator/issues/183,"Zookeeper service ports should be prefixed with ""tcp""",Interaction,Co-operator,,
ZooKeeperOp,ZooKeeperOp-222,https://github.com/pravega/zookeeper-operator/issues/222,zoo.cfg updated parameters are not picked up during rolling restarts,Interaction,Application,Semantic violations,Configuration
ZooKeeperOp,ZooKeeperOp-257,https://github.com/pravega/zookeeper-operator/issues/257,ZookeeperCluster spec.labels are not propagated to StatefuleSet/Pods created by the operator,Interaction,User,,
ZooKeeperOp,ZooKeeperOp-269,https://github.com/pravega/zookeeper-operator/issues/269,Helm chart is not setting ephemeral configurations correctly,HelmChart,,,
ZooKeeperOp,ZooKeeperOp-274,https://github.com/pravega/zookeeper-operator/issues/274,Support configure annotations for zookeeper pod again,Interaction,User,,
ZooKeeperOp,ZooKeeperOp-275,https://github.com/pravega/zookeeper-operator/issues/275,"make LivenessProbe,ReadinessProbe initialdelayseconds,timeout configurable thru CRD",Interaction,Application,State observability,
ZooKeeperOp,ZooKeeperOp-314,https://github.com/pravega/zookeeper-operator/issues/314,[BUG] Reading stale ZookeeperCluster spec/status can lead to undesired pod and PVC deletion,Interaction,Platform,,
ZooKeeperOp,ZooKeeperOp-315,https://github.com/pravega/zookeeper-operator/issues/315,Second ZK pod doesn't starts due to 'java.lang.RuntimeException: My id 2 not in the peer list' exception,Interaction,Application,Semantic violations,Ordering
ZooKeeperOp,ZooKeeperOp-388,https://github.com/pravega/zookeeper-operator/issues/388,ImagePullSecrets section of the ServiceAccount isn't updated when there is an existing one,Interaction,User,,
ZooKeeperOp,ZooKeeperOp-455,https://github.com/pravega/zookeeper-operator/issues/455,BUG: First zookeeper pod crashbackoff endlessly during bootstrap.,Interaction,Application,Semantic violations,Ordering
ZooKeeperOp,ZooKeeperOp-474,https://github.com/pravega/zookeeper-operator/issues/474,[BUG] Annotation field in zookeeper headless service does not update,Interaction,User,,
ZooKeeperOp,ZooKeeperOp-475,https://github.com/pravega/zookeeper-operator/issues/475,zookeeper ruok command check occasionally fails,Internal,,,
ZooKeeperOp,ZooKeeperOp-482,https://github.com/pravega/zookeeper-operator/issues/482,Number of client connections not reevaluated dynamically in the teardown script,Interaction,Application,Semantic violations,Precondition
ZooKeeperOp,ZooKeeperOp-511,https://github.com/pravega/zookeeper-operator/issues/511,Pod Labels not applied to StatefulSet,Interaction,User,,
ZooKeeperOp,ZooKeeperOp-66,https://github.com/pravega/zookeeper-operator/issues/66,Wrong Cluster Membership in Dynamic Config File,Interaction,Platform,,
ZooKeeperOp,ZooKeeperOp-77,https://github.com/pravega/zookeeper-operator/issues/77,Zookeeper pre-stop hook failes when cluster hasn't started,Interaction,Application,Mishandling application errors,
ZooKeeperOp,ZooKeeperOp-92,https://github.com/pravega/zookeeper-operator/issues/92,Zookeeper pods fail to come back up when > quorum number of pods are deleted.,Interaction,Application,Semantic violations,Ordering
ZooKeeperOp,ZooKeeperOp-94,https://github.com/pravega/zookeeper-operator/issues/94,Zookeeper instances fail to start on second scale up,Interaction,Application,Semantic violations,Configuration
